,Simple_LR,Multiple_LR
MAE,177867.54034434858,128168.39950174243
MSE,76484977061.77612,46021823548.819885
RMSE,276559.1746114674,214526.97627296174
R2,0.49406905389089006,0.6955759729009943
